,observed mutation count,name,length,proportion,equal or larger count,p value,significant,corrected p value,corrected significance,final significance
ECK120014627,8,rph-pyrE,1485.0,0.0003199291976218812,0,0.0,True,0.0,True,True
ECK120016992,4,rplKAJL-rpoBC,11376.0,0.002450851550267017,0,0.0,True,0.0,True,True
ECK120028076,2,map-glnD-dapD,4631.0,0.0009977051273986073,4,0.0004,True,0.0028,True,True
ECK120014681,1,gltA,1761.0,0.00037939078586675607,83,0.0083,True,0.0581,False,False
ECK125095402,5,sdhCDAB-sucABCD,10310.0,0.0022211919376980437,0,0.0,True,0.0,True,True
ECK120014943,2,cysDNC,3240.0,0.0006980273402659226,0,0.0,True,0.0,True,True
genome remainder,0,,4608849.0,0.9929329040608817,10000,1.0,False,1.0,False,False
