,observed mutation count,length,proportion,equal or larger count,p value,significant,corrected p value,corrected significance,final significance
FNR,7,416474,0.22319580612210993,6669,0.6669,False,1.0,False,False
Fur,7,159408,0.08542957558530256,222,0.0222,True,0.1332,False,False
ArcA,6,247929,0.13286955011849141,3025,0.3025,False,1.0,False,False
IHF,6,289930,0.1553786312446475,4317,0.4317,False,1.0,False,False
CRP,6,718479,0.3850456441141762,9979,0.9979,False,1.0,False,False
CysB,2,33738,0.01808079281527237,1276,0.1276,False,0.7656,False,False
