,observed mutation count,length,proportion,equal or larger count,p value,significant,corrected p value,corrected significance,final significance
Fur,7,159408,0.08542957558530256,215,0.0215,True,0.129,False,False
FNR,7,416474,0.22319580612210993,6582,0.6582,False,1.0,False,False
ArcA,6,247929,0.13286955011849141,2938,0.2938,False,1.0,False,False
IHF,6,289930,0.1553786312446475,4378,0.4378,False,1.0,False,False
CRP,6,718479,0.3850456441141762,9978,0.9978,False,1.0,False,False
CysB,2,33738,0.01808079281527237,1206,0.1206,False,0.7236,False,False
