,observed mutation count,length,proportion,equal or larger count,p value,significant,corrected p value,corrected significance,final significance
Fur,7,159408,0.08542957558530256,232,0.0232,True,0.1392,False,False
FNR,7,416474,0.22319580612210993,6537,0.6537,False,1.0,False,False
IHF,6,289930,0.1553786312446475,4352,0.4352,False,1.0,False,False
ArcA,6,247929,0.13286955011849141,2950,0.295,False,1.0,False,False
CRP,6,718479,0.3850456441141762,9974,0.9974,False,1.0,False,False
CysB,2,33738,0.01808079281527237,1233,0.1233,False,0.7398,False,False
