,observed mutation count,name,length,proportion,equal or larger count,p value,significant,corrected p value,corrected significance,final significance
ECK120028885,10,rhsE-ydcD,2515.0,0.0005418329508545664,0,0.0,True,0.0,True,True
ECK120014934,6,flhDC,1312.0,0.00028265798470027484,0,0.0,True,0.0,True,True
ECK125095389,8,insAB-5A-5B-5,709.0,0.00015274734081745033,0,0.0,True,0.0,True,True
ECK120015849,4,gatYZABCD,5518.0,0.0011888008838232594,0,0.0,True,0.0,True,True
ECK120014590,2,glpEGR,2165.0,0.00046642876286287727,3,0.0003,True,0.0018,True,True
genome remainder,0,,4629433.0,0.9973675320769416,10000,1.0,False,1.0,False,False
