,observed mutation count,length,proportion,equal or larger count,p value,significant,corrected p value,corrected significance,final significance
CRP,8,718479,0.5317037143383629,6876,0.6876,False,1.0,False,False
CysB,1,33738,0.024967493711504005,3382,0.3382,False,1.0,False,False
Cbl,1,8135,0.006020231233122447,940,0.094,False,0.658,False,False
GlpR,3,12402,0.0091779849727332,3,0.0003,True,0.0021,True,True
Fis,1,271077,0.20060801745312026,9736,0.9736,False,1.0,False,False
Lrp,1,148038,0.10955414766920477,8433,0.8433,False,1.0,False,False
Fur,1,159408,0.11796841062195242,8598,0.8598,False,1.0,False,False
