,observed mutation count,length,proportion,equal or larger count,p value,significant,corrected p value,corrected significance,final significance
CRP,8,718479,0.5317037143383629,6952,0.6952,False,1.0,False,False
Cbl,1,8135,0.006020231233122447,915,0.0915,False,0.6405,False,False
CysB,1,33738,0.024967493711504005,3286,0.3286,False,1.0,False,False
GlpR,3,12402,0.0091779849727332,4,0.0004,True,0.0028,True,True
Fis,1,271077,0.20060801745312026,9694,0.9694,False,1.0,False,False
Lrp,1,148038,0.10955414766920477,8468,0.8468,False,1.0,False,False
Fur,1,159408,0.11796841062195242,8692,0.8692,False,1.0,False,False
