,observed mutation count,name,length,proportion,equal or larger count,p value,significant,corrected p value,corrected significance,final significance
ECK120014723,2,glpFKX,3724.0,0.0008023005602315728,0,0.0,True,0.0,True,True
ECK120016992,2,rplKAJL-rpoBC,11376.0,0.002450851550267017,0,0.0,True,0.0,True,True
ECK120023665,1,fimZ,633.0,0.00013637385999639784,6,0.0006,True,0.0029999999999999996,True,False
ECK125229280,1,dgcE,3318.0,0.0007148317021612133,37,0.0037,True,0.018500000000000003,True,False
genome remainder,0,,4622601.0,0.9958956423273438,10000,1.0,False,1.0,False,False
