,length,observed mutation count,name,proportion,equal or larger count,p value,significant,corrected p value,corrected significance,final significance
ECK125136750,81,1,yceQp6,1.7450683506648064e-05,0,0.0,True,0.0,True,False
ECK120000391,1509,2,glpK,0.00032509977051273985,1,0.0001,True,0.0006000000000000001,True,True
ECK120000886,4224,2,rpoC,0.0009100208287911287,1,0.0001,True,0.0006000000000000001,True,True
ECK120001091,633,1,fimZ,0.00013637385999639784,8,0.0008,True,0.0048000000000000004,True,False
ECK120002259,3318,1,dgcE,0.0007148317021612133,51,0.0051,True,0.030600000000000002,True,False
genome remainder,4631887,0,,0.9978962231550319,10000,1.0,False,1.0,False,False
