,observed mutation count,length,proportion,equal or larger count,p value,significant,corrected p value,corrected significance,final significance
CRP,8,718479,0.5317037143383629,6922,0.6922,False,1.0,False,False
Cbl,1,8135,0.006020231233122447,976,0.0976,False,0.6832,False,False
CysB,1,33738,0.024967493711504005,3295,0.3295,False,1.0,False,False
GlpR,3,12402,0.0091779849727332,1,0.0001,True,0.0007,True,True
Fis,1,271077,0.20060801745312026,9711,0.9711,False,1.0,False,False
Lrp,1,148038,0.10955414766920477,8393,0.8393,False,1.0,False,False
Fur,1,159408,0.11796841062195242,8673,0.8673,False,1.0,False,False
